,TrigID,RA_OBJ,DEC_OBJ,ERR_RAD,DATE-OBS,MJD-OBS,MOC,STMOC_bat_start,STMOC_bat_stop
0,Flight,172.017,-34.783,32.65,2017-08-17T12:41:06.470,57982.52854711,"1/37 
2/96-98 170 
3/396-398 416-417 589 625 628-629 672 674-675 684 686 
4/1596 1672-1673 1680-1681 2327 2333-2335 2365 2367 2496-2497 2520-2521 
 2524-2525 2692 2694-2695 2706 2712 2714-2715 2740 2742 2748 2750-2751 
5/6388 6390 6392-6394 6402 6408 6410 6432 6434 6440 6442 6704-6706 6708-6709 
 6728-6730 6732 6736 9303 9307 9329-9331 9457 9459 9465 9813 9993 9996-9997 
 9999 10033 10036-10037 10108-10109 10411 10414-10415 10426 10772 10774-10775 
 10818 10830 10852 10854-10855 10872 10874 10972 10974 10996 10998-10999 
6/25556 25558 25580-25582 25584 25586 25600 25602-25603 26112-26114 26120 26122 
 26144 26784-26786 26788-26789 26800-26801 26804 26828-26830 26840-26841 
 26924-26926 26932 26936 26948 26952 27008-27009 37205-37207 37209-37211 
 37221-37223 37227 37301 37303 37309 37311 37313-37315 37653 37655 37661 37663 
 37685 37687 37824-37825 37827 37833 37835 37869 37871 39248-39249 39251 
 39260-39261 39263 39968-39969 39981 39992-39993 39995 40085 40128-40129 40131 
 40152-40153 40156-40157 40159 40368-40369 40372-40373 40416-40417 40420-40421 
 40423 41643 41654 41708 41710-41711 41722-41723 43092 43094-43095 43266 43278 
 43314 43412 43414-43415 43466 43494 43500 43502-43503 43858 43864 43866-43867 
 43900 43902 43988 43990-43991 44704 44706 44712 44714 
7/102228-102230 102236 102256-102258 102264 102332-102334 102340-102342 102348 
 102368 102370 102404 102406-102407 102546 102552 102554 102576 102578 102584 
 102586 102928 102930 102936 102938 102960 102962 102968 102970 103056 103058 
 103064 103066 104460-104462 104484 104486 104492 104584-104586 104608 104610 
 107148-107149 107160-107161 107164-107165 107208-107209 107220-107222 
 107324-107325 107368 107376-107377 107392-107393 107396 107708-107710 
 107732-107734 107736 107748 107796 107800 107812 107814 107816-107818 
 108040-108041 108048 148799 148815 148819 148835 148879 148883 148901-148903 
 148907 149087 149109 149111 149117-149119 149233 149235 149241 149243 
 149249-149251 150609 150611 150617 150619 150641 150773 150775 150781 150783 
 151304-151305 151307 151329 151331 151428-151429 151431 151437 151472-151473 
 151475 156949 157000-157001 157003 157028-157029 157031 157048-157049 157051 
 157140-157141 159881 159884-159885 159887 159920-159921 159976-159977 
 160336-160337 160520-160521 160561 160564-160565 160621 160632-160633 
 161412-161413 161424-161425 161428-161429 161431 161496-161497 161500-161501 
 161672-161673 161676-161677 161688-161689 166559 166566-166567 166569-166571 
 166602-166603 166606-166607 166620 166622-166623 166794-166795 166798-166799 
 166836 166838-166839 166882-166883 166906-166907 172372 172374-172375 173058 
 173070 173104 173106-173107 173116 173118-173119 173248 173250 173262 173304 
 173306-173307 173654 173834 173856 173858-173859 173868 173870-173871 173970 
 174004 174006 175424 175426 175460 175462 175568 175570 175576 175578-175579 
 175612 175614 175956 175958-175959 178720 178722 178728 178730 178852 178854 
 178860 178862 
8/408924 408926 408952-408954 409036-409038 409040 409060 409064-409066 
 409340-409342 409372-409374 409396 409400 409402 409408 409476-409478 409484 
 409504 409506 409620 409622 409794 409800 409802 409824 409826 409832 409834 
 410176 410178-410179 411748 411750 412352 412354 412360 412362 412384 412386 
 412392 412394 417852 417854 417940 417942 417948 417976-417978 418320 418322 
 418328 418348 418350 418436 418438 418464-418466 418472 428600-428601 
 428604-428605 428648-428649 428652-428653 428664-428665 428848-428850 
 428852-428853 428892-428894 428896-428897 428900 429304-429306 429308-429309 
 429476-429478 429488-429489 429512-429513 429520-429521 429576-429577 429580 
 429588-429590 429632-429633 430844-430845 430940 430948-430950 430952-430954 
 430996-430997 431000 431008-431010 431188 431192 431204-431206 431208-431210 
 431252-431254 431260 431276 431280 431616 432168-432170 432176-432177 
 432196-432198 432200 432208 595189-595191 595193-595195 595253-595255 
 595257-595259 595271 595275 595333-595335 595337-595339 595511 595525-595527 
 595529 595531 595599 595601 595603 595621-595623 595627 596319 596341 596343 
 596435 596441 596443 596465-596467 596807 596813 596815 596837 596839 596845 
 596847 596993-596995 602572-602573 602575 602597 602599 602605 602607 602949 
 602951 602957 603088-603089 603091 603097 603099 603121 604500-604501 604503 
 604509 604511 605224-605225 605227 605313 605315 605348-605349 605351 605357 
 605721 605723 605757 605759 605897 605899 605924-605925 605927 605933 627793 
 627795 627804-627805 627807 627829 628009 628100-628101 628103 628120-628121 
 628123 628148-628149 628151 628200-628201 628549 628572-628573 628575 
 639520-639521 639533 639544-639545 639547 639636-639637 639692-639693 639695 
 639729 639732-639733 639735 639913 639916-639917 639919 641297 641300-641301 
 641303 641353 641356-641357 641359 641393 641396-641397 642092-642093 642197 
 642240-642241 642264-642265 642268-642269 642271 642468-642469 642480-642481 
 642483 642537 642540-642541 645632-645633 645636-645637 645704-645705 
 645708-645709 645720-645721 645723 645924-645925 645936-645937 645940-645941 
 646696-646697 646700-646701 646712-646713 646716-646717 646760-646761 
 646764-646765 646767 666222-666223 666233-666235 666254-666255 666262-666263 
 666273-666275 666402-666403 666406-666407 666418-666419 666421-666423 
 666486-666487 667170-667171 667174-667175 667186 667240 667242-667243 
 667246-667247 667258 667348 667350-667351 667522-667523 667546-667547 
 667618-667619 667642 689492 689494-689495 692226 692238 692272 692274-692275 
 692284 692286-692287 692422 692442 692470 692650 693004 693006-693007 693040 
 693042-693043 693054 693186 693192 693194-693195 693220 693222 694608 694610 
 694622 695330 695428 695430-695431 695448 695450-695451 695478 695872 
 695874-695875 695886 695928 695930 696022 696028 696030-696031 696226 696232 
 696234-696235 701702 701708 701710-701711 701746 701752 701754-701755 701846 
 701852 701854 701928 701930 702286 702308 702310 702416 702418 702424 
 702426-702427 702460 702462 703828 703830-703831 714784 714786 714792 714794 
 714894 714916 714918 714924 714926-714927 715290 715312 715314 715320 715322 
 715446 715452 715454 
9/1635700 1635702 1635708 1635792-1635794 1635800 1635802 1635820 1635822 
 1636156-1636158 1636168 1636170 1636192 1636244 1636248-1636250 
 1636268-1636270 1636272 1637372-1637374 1637500 1637502 1637592 
 1637604-1637606 1637612 1637636 1637640 1637642 1637916-1637918 1637940 
 1637944 1637946 1637952 1637954 1638020-1638022 1638028 1638048 1638050 
 1638484 1638486 1638492 1638494 1638792 1638794 1638816 1638818 1638824 
 1638826 1639168 1639170-1639171 1639302 1639308 1639310 1639332 1639334 
 1639340 1639342 1640708 1640710 1640888 1640890 1641232 1641234 1641240 
 1641242 1641264 1641266 1641272 1641274 1641360 1641362 1641368 1641370 
 1641392 1641394 1641400 1641402 1646864 1646866 1646872 1646874 1646896 
 1646898 1646904 1646906-1646907 1647024-1647026 1647032 1647034 1647376 
 1647378 1647384 1647386 1647408 1647410 1647416 1647418 1647504 1647506 
 1647512 1647514 1647536 1647538 1647544 1647546 1648912 1648914 1648920 
 1648922 1648944 1648946 1649412-1649414 1649420 1649422 1649444 1649446 
 1649452 1649454 1649540 1649542 1671412 1671414 1671420 1671422 
 1671424-1671426 1671432 1671434 1671456 1671458 1671464 1671764 1671766 
 1671800 1671802 1671888 1671890 1671896 1671916-1671918 1673284 1673286 
 1673292 1673320 1673322 1673396-1673398 1673404 1673406 1673408 1673410 
 1673748 1673776 1673778 1673784 1673868 1673870 1673896-1673898 1679360 
 1679362 1714408-1714410 1714412-1714413 1714424-1714425 1714428-1714429 
 1714600-1714601 1714604-1714605 1714616 1714672-1714674 1714676-1714677 
 1715360-1715361 1715364-1715365 1715376 1715404-1715406 1715416-1715417 
 1715420-1715421 1715580-1715582 1715592 1715604-1715605 1715648-1715649 
 1715652 1717228-1717230 1717240-1717241 1717916-1717917 1717920-1717922 
 1717924-1717925 1717960 1717968-1717969 1718056-1718057 1718060 
 1718064-1718066 1718068 1718088-1718090 1718092 1718096-1718098 
 1718100-1718101 1718312-1718313 1718316 1718324-1718326 1718364-1718365 
 1718368-1718369 1718372 1718536-1718537 1718544-1718546 1718548-1718549 
 1723384-1723386 1723764 1723768 1723804-1723806 1723820-1723821 
 1723824-1723826 1723840-1723842 1723992-1723994 1723996 1724004-1724006 
 1724008-1724009 1724044-1724046 1724048-1724050 1724052 1724064 1724160 
 1724756 1724760 1724772-1724774 1724776-1724778 1724828 1724844-1724846 
 1724848 1725020-1725022 1725048 1725108 1725112 1725124 1725128 
 1725184-1725186 1726468 1726472 1728684 1728688-1728690 1728692 
 1728712-1728714 1728716 1728720-1728722 1728796-1728798 1728804-1728806 
 1728808-1728809 1728816 1728836 2380669-2380671 2380733 2380735 
 2380749-2380751 2380753-2380755 2380769-2380771 2380927 2380989-2380991 
 2381007 2381011 2381025-2381027 2381079 2381082-2381083 2381093-2381095 
 2381097-2381099 2381325-2381327 2381329-2381331 2381345-2381347 2382037 
 2382039 2382043 2382061-2382063 2382095 2382099 2382121-2382123 2382389 
 2382391 2382403 2382409-2382411 2382481 2382483 2382501 2382503 2385269 
 2385271 2385363 2385369 2385371 2385391 2385733 2385735 2385763 2385769 
 2385771 2385847 2385853 2385855 2385857-2385859 2387221 2387223 2387345 
 2387347 2387353 2387355 2387377 2387379 2387385 2387387 2387969 2387971 
 2410296-2410297 2410299 2410385 2410387 2410393 2410395 2410417 2410419 
 2410425 2410427 2411836-2411837 2411839 2411925 2411927 2411933 2411935 
 2411957 2412361 2412363 2412385 2412387 2412393 2412492-2412493 2412495 
 2412517 2412519 2412525 2418009 2418011 2418033 2418035 2418132-2418133 
 2418135 2418141 2418143 2420904-2420905 2420907 2421249 2421251 
 2421284-2421285 2421287 2421293 2421295 2421401 2421403 2421425 
 2421436-2421437 2421439 2422805 2422807 2422881 2422883 2422981 2422983 
 2423025 2423027 2423381 2423383 2423585 2423587 2423685 2423704-2423705 
 2423707 2423729 2423741 2423743 2511168-2511169 2511171 2511177 2511205 
 2511207 2511224-2511225 2511227 2511313 2511325 2512032-2512033 2512035 
 2512044-2512045 2512047 2512389 2512409 2512437 2512489 2512581 2512601 
 2512629 2512812-2512813 2512815 2514192-2514193 2514195 2514205 2514273 
 2514276-2514277 2514279 2514296-2514297 2514299 2514389 2558089 
 2558092-2558093 2558095 2558128-2558129 2558141 2558184-2558185 2558187 
 2558533 2558556-2558557 2558559 2558753 2558756-2558757 2558759 
 2558776-2558777 2558912-2558913 2558936-2558937 2558939 2558965 
 2559648-2559649 2559651 2559661 2559672-2559673 2559675 2565141 
 2565184-2565185 2565187 2565197 2565208-2565209 2565211 2565237 
 2565408-2565409 2565411 2565421 2565432-2565433 2565568-2565569 
 2565592-2565593 2565596-2565597 2565599 2568353 2568356-2568357 2568359 
 2568380-2568381 2568773 2568784-2568785 2568968-2568969 2568972-2568973 
 2568975 2569012-2569013 2569069 2569080-2569081 2569857 2569860-2569861 
 2569885 2569928-2569929 2569972-2569973 2570144-2570145 2570147 2570169 
 2570172-2570173 2571600-2571601 2571604-2571605 2582541 2582552-2582553 
 2582556-2582557 2582559 2582640-2582641 2582644-2582645 2582841 
 2582844-2582845 2582888-2582889 2582997 2583680-2583681 2583684-2583685 
 2583756-2583757 2583768-2583769 2583772-2583773 2583989 2584032-2584033 
 2584036-2584037 2584048-2584049 2584052-2584053 2584055 2586857 
 2586860-2586861 2586872-2586873 2586876-2586877 2587048-2587049 
 2587052-2587053 2587064-2587065 2587067 2664875 2664877-2664879 
 2664886-2664887 2664922-2664923 2664926-2664927 2664929-2664931 
 2665006-2665007 2665011 2665013-2665015 2665035 2665037-2665039 2665043 
 2665045-2665047 2665089-2665091 2665619 2665622-2665623 2665666-2665667 
 2665670-2665671 2665681-2665683 2665936 2665938-2665939 2665942-2665943 
 2668674-2668675 2668678-2668679 2668690-2668691 2668748 2668750-2668751 
 2668762-2668763 2668766 2668964 2668966-2668967 2668978-2668979 2668982 
 2669038-2669039 2669050 2669396 2669398-2669399 2670082-2670083 
 2670106-2670107 2670110 2670176 2670178-2670179 2670182 2670200 
 2670202-2670203 2670206 2670464 2670466-2670467 2670470 2670488 
 2670490-2670491 2670562-2670563 2670572 2670574-2670575 2670586 2757972 
 2757974-2757975 2768910 2768946-2768947 2768956 2768958-2768959 2769002 
 2769094 2769114-2769115 2769140 2769142-2769143 2769320 2769322-2769323 
 2769682 2769694 2769762 2769774 2769874 2769886 2770594 2770606 2771992 
 2771994-2771995 2772020 2772022-2772023 2772072 2772074 2772166 2772186 
 2772208 2772210-2772211 2772220 2772222 2772738 2772772 2772774-2772775 
 2772794 2772892 2772894 2772962 2772968 2772970-2772971 2778438 2778444 
 2778446-2778447 2778480 2778482-2778483 2778492 2778494 2781314 2781326 
 2781362 2781368 2781370-2781371 2781716 2781718-2781719 2781768 2781770 
 2781798 2781904 2781906-2781907 2781918 2782120 2782122-2782123 2783494 
 2783536 2783538-2783539 2783550 2783688 2783690 2783718 2783724 
 2783726-2783727 2784082 2784116 2784118 2784896 2784898 2784932 2784934 
 2784954 2806800 2806802-2806803 2806814 2806836 2806838-2806839 2806890 
 2806976 2806978 2807012 2807014 2807376 2807378 2807412 2807414 2807420 
 2807422-2807423 2807682 2807688 2807690-2807691 2807724 2807726 2809114 
 2809136 2809138-2809139 2809236 2809238 2809244 2809246-2809247 2809314 
 2809320 2809322 2809678 2809700 2809702 2809808 2809810 2809816 
 2809818-2809819 2809852 2809854 2815316 2815318 2859042 2859048 2859050 
 2859150 2859172 2859174 2859180 2859182-2859183 2859544 2859546 2859568 
 2859570 2859676 2859678 2859700 2859702 2861128 2861130 2861152 2861154 
 2861260 2861262 2861284 2861286 2861292 2861294-2861295 2861658 2861680 
 2861682 2861688 2861690 2861776 2861778-2861779 2861820 2861822 
10/6542804-6542806 6542812 6542814 6542840 6542842 6543180-6543182 6543184 
 6543204 6543284 6543286 6543292 6543296 6543298 6544636 6544638 
 6544656-6544658 6544664 6544676-6544678 6544684 6544776 6544778 6544984 
 6544986 6545004 6545006 6545084 6545086 6545096 6545098 6549500-6549502 
 6550004-6550006 6550352 6550354 6550372 6550376-6550378 6550428 6550430 
 6550456 6550464 6550552 6550564-6550566 6550572 6550656-6550658 6550664 
 6551676-6551678 6551764 6551768 6551770 6551780-6551782 6551788 
 6551812-6551814 6551840 6551842 6552092-6552094 6552116 6552120 6552122 
 6552128 6552130 6552196-6552198 6552204 6552224 6553942 6553948 6553950 
 6553972 6553974 6553980 6553982-6553983 6554786 6554792 6554794 6555136 
 6555138 6555144 6555146-6555147 6555276 6555278 6555300 6555302 6555308 
 6555310 6556676 6556678-6556679 6556818 6556824 6556826 6556848 6556850 
 6556856 6556858 6557200 6557202-6557203 6557334 6557340 6557342 6557364 
 6557366 6557372 6557374 6562836 6562838 6562844 6562846-6562847 6563048 
 6563050 6563392 6563394 6563400 6563402 6563424 6563426 6563432 6563434 
 6563520 6563522 6563528 6563530-6563531 6565092 6565094 6565100 6565102 
 6565444 6565446 6565452 6565454 6565476 6565478 6565484 6565486 6565572 
 6565574 6565580 6565582 6565604 6565606 6565612 6565614 6587460 6587462 
 6587468 6587470 6587492 6587494 6587500 6587502 6587588 6587590 6587596 
 6587598 6587620 6587622 6588108-6588110 6588132 6588134 6588140 6588142 
 6589508 6589510 6589516 6589518 6589540 6589542 6589548 6589550 6589636 
 6589638 6589644 6589646 6589668 6589670 6589676 6589678 6590020 6590022 
 6590028 6590030 6590052 6590054 6590060 6590062 6590148 6590150 6590156 
 6590158 6595808 6595810 6595816 6595818 6596160 6596162 6596168 6596170 
 6596192 6596194 6596200 6596202 6597660-6597662 6597684 6597686 6597692 
 6597694 6597780 6597782 6597788 6597790 6598192 6598194 6598200 6598202 
 6598288 6598290 6598296 6685652-6685654 6685660 6685662 6685684 6685686 
 6685692 6685708 6685710 6685732 6685734 6685740 6685742 6685864 6685866 
 6686208 6686210 6686216 6686218 6687088 6687090 6687096 6687098 
 6687204-6687206 6687212 6687214 6687556 6687592 6687594 6687676 6687678 
 6687680 6687682 6693140 6693142 6693176 6693178 6693264 6693266 
 6693284-6693286 6693292 6693294 6693596-6693598 6693620 6693622 6693636 
 6693664 6693666 6693672 6693674 6695000 6695002 6695024 6695108 6695110 
 6695116 6695144 6695146 6695476 6695478 6695488 6695568-6695570 6695576 
 6695578 6695596-6695598 6717444 6717472 6717474 6717480 6857644-6857645 
 6857656-6857657 6857660-6857661 6857704-6857705 6857708-6857709 
 6857720-6857721 6857724 6858468-6858469 6858480-6858481 6858484-6858485 
 6858656-6858657 6858660 6858700-6858702 6858712-6858713 6858716-6858717 
 6861448-6861449 6861452 6861508-6861509 6861520-6861521 6861524-6861525 
 6861628-6861630 6861672-6861673 6861676-6861677 6862332-6862334 
 6862372-6862373 6862384-6862385 6862388 6862424-6862425 6862428-6862429 
 6862600 6862612-6862613 6862656-6862657 6868924-6868926 6868968-6868969 
 6868976-6868978 6868980-6868981 6871672-6871674 6871676-6871677 
 6871692-6871694 6871704 6871744-6871745 6871748 6871844-6871846 6871856 
 6871880-6871881 6871888-6871889 6871892 6872232-6872234 6872236-6872237 
 6872244-6872245 6872268-6872269 6872276-6872278 6872280 6872364-6872366 
 6872372-6872374 6872376 6872396-6872398 6872408-6872409 6872416 6872448 
 6873256-6873257 6873260 6873268-6873270 6873308-6873310 6873312-6873313 
 6873316 6873464-6873466 6873468-6873469 6873480-6873481 6873484 
 6873492-6873493 6873536-6873537 6874152 6874160-6874161 6874164-6874165 
 6874188-6874190 6874200-6874201 6874368-6874370 6874372-6874373 
 6893548-6893549 6893552-6893554 6893556 6895060 6895064 6895076 6895080 
 6895228-6895230 6895288-6895290 6895308 6895312-6895313 6895328 
 6895372-6895374 6895376-6895378 6895380 6895392-6895394 6895980-6895982 
 6895988 6895992 6896028 6896040-6896042 6896048 6896064-6896066 6896188 
 6896204-6896206 6896212-6896213 6896216 6896224-6896226 6896260-6896262 
 6896264-6896265 6896644-6896646 6896648-6896649 6899032 6899044 6899046 
 6899048-6899050 6899100 6899116-6899118 6899120 6899122 6899316 6899320 
 6899322 6899388 6899396-6899398 6899400-6899402 6899424 6899456-6899458 
 6899464 6900092-6900094 6900176-6900178 6900196 6900200 6900436 6900440 
 6900452 6900456 6900500 6900504 6900516 6900520 6900748 6900750 6900752 
 6900768-6900770 6905876 6905880 6905892 6905896 6914740-6914742 6914744 
 6914764-6914766 6914772-6914774 6914776 6914784 6914860-6914862 
 6914868-6914869 6914892-6914893 6914896-6914898 6914900 6914944 6915196 
 6915228-6915230 6915240-6915242 6915248-6915249 6915268-6915270 6915272 
 6915348-6915350 6915352-6915353 6915360-6915362 6915364 6915392 
 6916096-6916097 9522653-9522655 9522669-9522671 9522673-9522675 9522911 
 9522931 9522937-9522939 9522973-9522975 9522991 9522995 9523009-9523011 
 9523075 9523703 9523707 9523935 9523951 9523955 9524021-9524023 
 9524025-9524027 9524039 9524041-9524043 9524099 9524287 9524311 
 9524313-9524315 9524325-9524327 9524365-9524367 9524370-9524371 
 9524385-9524387 9525277-9525279 9525293-9525295 9525297-9525299 9525315 
 9525377-9525379 9527807 9528147 9528153-9528155 9528165 9528167 9528171 
 9528221-9528223 9528243 9528375 9528379 9528389-9528391 9528393-9528395 
 9528461-9528463 9528481-9528483 9529469 9529471 9529561 9529563 9529575 
 9529581-9529583 9529605 9529607 9529611 9529633-9529635 9529911 
 9529917-9529919 9529923 9529929-9529931 9530003 9530009-9530011 9530023 
 9530029-9530031 9540983 9540989 9540991 9541081 9541083 9541103 9541445 
 9541447 9541473 9541475 9541481-9541483 9541533 9541535 9541557-9541559 
 9542929 9542931 9542937-9542939 9542957 9542959 9543045 9543047 9543081 
 9543083 9543293 9543295 9543381 9543383 9543419 9543425-9543427 9548881 
 9548883 9548889 9548891 9549005 9549007 9549029 9549031 9549037 9549039 
 9549419 9549505 9549507 9549513 9549515 9549537 9549539 9549545 9549547 
 9551029 9551031 9551037 9551039 9551381 9551383 9551389 9551391 9551413 
 9551415 9551421 9551423 9551509 9551511 9551517 9551519 9551541 9551543 
 9551549 9551551 9551875 9551881-9551883 9638933 9638935 9638941 9638943 
 9638965 9638967 9638973 9638975 9639061 9639063 9639069 9639071 9639093 
 9639095 9639101 9639103 9639445 9639447 9639453 9639455 9639477 9639479 
 9639485 9639487 9639573 9639575 9639581 9639583 9639605 9639607 9639613 
 9639615 9640981 9641193 9641195 9641537 9641539 9641545 9641547 9641569 
 9641571 9641577 9641579 9647173 9647175 9647181 9647183 9647205 9647207 
 9647213 9647215 9647353 9647355 9647697 9647699 9647705 9647707 9647837 
 9647839 9647861 9647863 9647869 9649441 9649443 9649449 9649451 9649537 
 9649581 9649583 9649925 9649927 9649977 9649979 9650065 9650067 9650109 
 9650111 9671957 9671959 9672032-9672033 9672035 9672041 9672043 9672129 
 9672165 9672167 9672173 9672175 9672536-9672537 9672539 9672561 9672563 
 9672660-9672661 9672663 9672669 9672671 9683624-9683625 9683627 9684993 
 9684995 9685028-9685029 9685031 9685037 9685039 9685144-9685145 9685147 
 9685169 9685525 9685527 9685533 9685600-9685601 9685603 9685609 9685611 
 9685709 9685711 9685733 9685752-9685753 9685755 9691217 9691219 9691253 
 9691255 9691521 9691523 9691529 9691556-9691557 9691559 9691565 
 9691920-9691921 9691923 9691929 9691956-9691957 9691959 9691965 
 9692096-9692097 9692099 9692105 9692132-9692133 9692135 9692141 
 9693520-9693521 9693523 9693529 9693556-9693557 9693559 9693565 
 9694336-9694337 9694339 9694373 9694375 9694737 9694739 9694748-9694749 
 9694751 9694773 9694824-9694825 9694827 9694925 9694927 9694960-9694961 
 9694963 9694969 10044501 10044503 10044680-10044681 10044683 10044705 
 10044717 10044719 10044816-10044817 10044819 10044825 10044853 10044855 
 10044904-10044905 10044907 10045261 10045296-10045297 10045299 
 10045308-10045309 10045311 10045397 10048137 10048164-10048165 10048167 
 10048184-10048185 10048187 10049565 10049633 10049645 10049647 
 10049744-10049745 10049747 10049756-10049757 10049759 10049952-10049953 
 10049955 10049964-10049965 10049967 10050320-10050321 10050323 
 10050332-10050333 10050335 10050400-10050401 10050403 10050412-10050413 
 10050513 10050525 10051233 10051236-10051237 10051239 10051256-10051257 
 10051259 10056724-10056725 10056777 10056805 10056816-10056817 10056819 
 10056828-10056829 10056831 10057089 10057101 10057112-10057113 10057115 
 10057140-10057141 10057143 10057193 10057541 10057552-10057553 10057555 
 10057564-10057565 10232353 10232376-10232377 10232379 10232469 
 10232524-10232525 10232527 10232561 10232744-10232745 10234117 
 10234128-10234129 10234131 10234140-10234141 10234209 10234212-10234213 
 10234215 10234233 10235008-10235009 10235021 10235032-10235033 10235035 
 10235061 10235116-10235117 10235476-10235477 10235479 10235657 
 10235660-10235661 10235663 10235697 10235700-10235701 10235703 
 10235752-10235753 10235856-10235857 10238600-10238601 10238640-10238641 
 10238653 10238696-10238697 10238699 10260549 10260560-10260561 10260563 
 10260573 10260744-10260745 10260747 10260773 10260784-10260785 10260787 
 10260797 10260840-10260841 10260944-10260945 10261640-10261641 
 10261680-10261681 10261736-10261737 10261740-10261741 10261743 10262097 
 10262100-10262101 10262103 10262281 10262284-10262285 10262324-10262325 
 10262381 10262392-10262393 10262395 10262485 10273408-10273409 
 10273432-10273433 10273505 10273508-10273509 10273511 10273532-10273533 
 10275077 10275088-10275089 10275091 10275144-10275145 10275148-10275149 
 10275151 10275185 10275188-10275189 10275885 10275896-10275897 10275899 
 10276032-10276033 10276036-10276037 10276039 10276057 10276060-10276061 
 10276261 10276272-10276273 10276329 10276332-10276333 10276693 
 10279424-10279425 10279449 10279452-10279453 10279525 10279536-10279537 
 10279721 10279724-10279725 10279872-10279873 10279876-10279877 10279879 
 10279900-10279901 10280584-10280585 10280625 10280628-10280629 
 10280672-10280673 10280675 10280696-10280697 10280700-10280701 10286341 
 10286352-10286353 10286356-10286357 10286359 10286413 10286424-10286425 
 10286428-10286429 10286431 10330148-10330149 10330160-10330161 
 10330220-10330221 10330232-10330233 10330501 10330512-10330513 
 10330516-10330517 10330519 10330573 10330584-10330585 10330588-10330589 
 10331312-10331313 10331316-10331317 10331360-10331361 10331363 
 10331388-10331389 10331560-10331561 10331564-10331565 10331567 
 10331968-10331969 10331972-10331973 10331984-10331985 10331987 
 10334732-10334733 10334744-10334745 10334748-10334749 10334833 
 10334836-10334837 10335008-10335009 10335012-10335013 10335015 10335081 
 10335084-10335085 10335096-10335097 10335100-10335101 10335893 
 10335936-10335937 10335940-10335941 10335952-10335953 10336156-10336157 
 10336200-10336201 10336204-10336205 10336216-10336217 10347189 
 10347232-10347233 10347236-10347237 10347248-10347249 10347252-10347253 
 10347424-10347425 10347427 10347512-10347513 10347516-10347517 
 10348200-10348201 10348204-10348205 10348216-10348217 10348220-10348221 
 10348264-10348265 10349905 10349908-10349909 10352640-10352641 
 10352644-10352645 10352656-10352657 10352660-10352661 10352704-10352705 
 10352708-10352709 10352720-10352721 10352724-10352725 10352896-10352897 
 10352900-10352901 10352912-10352913 10352916-10352917 10352960-10352961 
 10352964-10352965 10352976-10352977 10352980-10352981 10353664-10353665 
 10353668-10353669 10353680-10353681 10353684-10353685 10353728-10353729 
 10353732-10353733 10353744-10353745 10353748-10353749 10353920-10353921 
 10353924-10353925 10353936-10353937 10353940-10353941 10353984-10353985 
 10353988-10353989 10354000-10354001 10354004 10658815 10659498-10659499 
 10659506-10659507 10659531 10659534-10659535 10659543 10659643 
 10659646-10659647 10659698-10659699 10659702-10659703 10659714-10659715 
 10659967 10660014-10660015 10660019 10660021-10660023 10660042-10660043 
 10660050-10660051 10660127 10660135 10660137-10660139 10660145-10660147 
 10660167 10660169-10660171 10660177-10660179 10660353-10660355 10662427 
 10662430-10662431 10662474-10662475 10662658-10662659 10662662-10662663 
 10662674-10662675 10662678-10662679 10662721-10662723 10663748 
 10663750-10663751 10663762-10663763 10663766-10663767 10674690-10674691 
 10674694-10674695 10674778-10674779 10674782-10674783 10674954 
 10674998-10674999 10675042-10675043 10675046 10675068 10675070-10675071 
 10675754-10675755 10675758 10675860 10675862-10675863 10675906-10675907 
 10675934-10675935 10676106 10676146-10676147 10676150 10676206-10676207 
 10676218 10677588 10677590-10677591 10680322-10680323 10680346-10680347 
 10680350 10680416 10680418-10680419 10680422-10680423 10680446-10680447 
 10680710-10680711 10680722 10680732 10680734-10680735 10680778 10680804 
 10680806-10680807 10680818 10680828 10680830-10680831 10681514 10681860 
 10681862-10681863 10681886-10681887 10681958-10681959 10681976 
 10681978-10681979 10681982 10682240 10682242-10682243 10682246 
 10682266-10682267 10682292 10682294-10682295 10682338 10682348 
 10682350-10682351 11031894 11075592 11075594-11075595 11075634 11075644 
 11075646-11075647 11075776 11075778-11075779 11075782 11075802-11075803 
 11075828 11075830-11075831 11076014 11076370-11076371 11076380 
 11076382-11076383 11076448 11076450-11076451 11076454 11076474 11076566 
 11077256 11077258-11077259 11077284 11077286-11077287 11077304 
 11077306-11077307 11078722 11078734 11078770 11078782 11079042 
 11079054-11079055 11079088 11079090-11079091 11079100 11079102-11079103 
 11079488 11079490-11079491 11079500 11079502-11079503 11079536 11079538 
 11079550 11082370 11082382 11082418 11082430 11087944 11087946-11087947 
 11087972 11087974-11087975 11087992 11087994-11087995 11088086 11088266 
 11088294 11088300 11088302-11088303 11088656 11088658-11088659 11088668 
 11088670 11088738 11088836 11088838-11088839 11088856 11088858 11088886 
 11088892 11088894-11088895 11090944 11090946-11090947 11090958 11091000 
 11091002-11091003 11091094 11091168 11091170-11091171 11091182 11091544 
 11091546 11091574 11091580 11091582-11091583 11091842 11091876 11091878 
 11091898 11113744 11113746-11113747 11113758 11113780 11113782-11113783 
 11113834 11113926 11113946 11113974 11113980 11113982-11113983 11125248 
 11125250-11125251 11125260 11125262-11125263 11125296 11125298 11125310 
 11125442 11125476 11125478-11125479 11125496 11125498-11125499 11126870 
 11127050 11127084 11127086-11127087 11127184 11127186 11127198 11127272 
 11127274-11127275 11127622 11127642 11127664 11127666-11127667 11127676 
 11127678 11128450 11128456 11128458-11128459 11128484 11128486 11128506 
 11133968 11133970-11133971 11133980 11133982 11134050 11134056 
 11134058-11134059 11134148 11134150 11134170 11134192 11134194-11134195 
 11134206 11134728 11134730-11134731 11134758 11134764 11134766-11134767 
 11134864 11134866 11134900 11134902-11134903 11134954 11136320 
 11136322-11136323 11136334 11136376 11136378 11136476 11136478 11139234 
 11139240 11139242-11139243 11139590 11139596 11139598-11139599 11139634 
 11139640 11139642-11139643 11139734 11139740 11139742-11139743 11139808 
 11139810 11227204 11227206 11227248 11227250 11227348 11227350 11227552 
 11227554 11227910 11227916 11227918-11227919 11227954 11227960 
 11227962-11227963 11228054 11228060 11228062-11228063 11228130 11228136 
 11228138 11229516 11229518 11229560 11229562 11229662 11229684 
 11229686-11229687 11230378 11230720 11230722 11230756 11230758 11230866 
 11230872 11230874-11230875 11230908 11230910 11236426 11236448 
 11236450-11236451 11236548 11236550 11236594 11236600 11236602-11236603 
 11236956 11236958 11236980 11236982-11236983 11237162 11237248 11237250 
 11237286 11237292 11237294-11237295 11238680 11238682 11238704 
 11238706-11238707 11238804 11238806 11238812 11238814-11238815 11238888 
 11238890 11239246 11239268 11239270 11239378 11239384 11239386 11261268 
 11261270 11261276 11261278-11261279 11436072 11436074 11436160 
 11436162-11436163 11436196 11436198 11436204 11436206 11436570 11436592 
 11436594 11436700 11436702 11436724 11436726-11436727 11438146 11438152 
 11438154 11438276 11438278 11438284 11438286-11438287 11438330 11438672 
 11438674 11438680 11438682-11438683 11438718 11438804 11438806 11438812 
 11438814-11438815 11439018 11444480 11444482 11444488 11444490-11444491 
 11444526 11444612 11444614 11444620 11444622-11444623 11444666 11445008 
 11445010 11445016 11445018 11445140 11445142 11445148 11445150 11445172 
 11445174-11445175 11446600 11446602 11446624 11446626 11446734 11446756 
 11446758 11446764 11446766 11447108 11447110-11447111 11447160 11447162 
 11447248 11447250 11447256 11447258-11447259 
",2017-08-17T12:37:46.470,2017-08-17T12:44:26.470
